{
	"pages": [
		{
			"path": "pages/index/index",
			"style": {
				"navigationBarTitleText": "物业首页"
			}
		},
		{
		    "path" : "pages/login/login",
		    "style" :                                                                                    
		    {
		        "navigationBarTitleText": "登录",
		        "enablePullDownRefresh": false
				// "disableScroll":true
		    }
		    
		}
	    ,{
            "path" : "pages/detail/detail",
            "style" :                                                                                    
            {
                "navigationBarTitleText": "详情内容",
                "enablePullDownRefresh": false
            }
            
        }
        ,{
            "path" : "pages/apply/apply",
            "style" :                                                                                    
            {
                "navigationBarTitleText": "申请快修",
                "enablePullDownRefresh": false
            }
            
        }
        ,{
            "path" : "pages/report/report",
            "style" :                                                                                    
            {
                "navigationBarTitleText": "服务报告",
                "enablePullDownRefresh": false
            }
            
        }
        ,{
            "path" : "pages/phone/phone",
            "style" :                                                                                    
            {
                "navigationBarTitleText": "便民电话",
                "enablePullDownRefresh": false
            }
            
        }
        ,{
            "path" : "pages/user/user",
            "style" :                                                                                    
            {
                "navigationBarTitleText": "我的中心",
                "enablePullDownRefresh": false
            }
            
        }
        ,{
            "path" : "pages/news_list/news_list",
            "style" :                                                                                    
            {
                "navigationBarTitleText": "物业新闻",
                "enablePullDownRefresh": false
            }
            
        }
        ,{
            "path" : "pages/recruit_list/recruit_list",
            "style" :                                                                                    
            {
                "navigationBarTitleText": "招聘信息",
                "enablePullDownRefresh": false
            }
            
        }
        ,{
            "path" : "pages/arrears_list/arrears_list",
            "style" :                                                                                    
            {
                "navigationBarTitleText": "缴费查询",
                "enablePullDownRefresh": false
            }
            
        }
        ,{
            "path" : "pages/contact_us/contact_us",
            "style" :                                                                                    
            {
                "navigationBarTitleText": "联系我们",
                "enablePullDownRefresh": false
            }
            
        }
        ,{
            "path" : "pages/news_detail/news_detail",
            "style" :                                                                                    
            {
                "navigationBarTitleText": "新闻详情",
                "enablePullDownRefresh": false
            }
            
        }
        ,{
            "path" : "pages/recruit_detail/recruit_detail",
            "style" :                                                                                    
            {
                "navigationBarTitleText": "招聘详情",
                "enablePullDownRefresh": false
            }
            
        }
        ,{
            "path" : "pages/repair/repair",
            "style" :                                                                                    
            {
                "navigationBarTitleText": "报修查询",
                "enablePullDownRefresh": false
            }
            
        }
        ,{
            "path" : "pages/cost/cost",
            "style" :                                                                                    
            {
                "navigationBarTitleText": "费用查询",
                "enablePullDownRefresh": false
            }
            
        }
    ],
	"tabBar": {
		"color": "#666",
		"selectedColor": "#FF2C3C",
		"borderStyle": "white",
		"list": [{
				"pagePath": "pages/index/index",
				"iconPath": "/static/image/souye.png",
				"selectedIconPath": "/static/image/homeh.png",
				"text": "物业首页"
			},
			{
				"pagePath": "pages/report/report",
				"iconPath": "/static/image/yb.png",
				"selectedIconPath": "/static/image/ybh.png",
				"text": "服务报告"
			},
			{
				"pagePath": "pages/phone/phone",
				"iconPath": "/static/image/bmdd.png",
				"selectedIconPath": "/static/image/bmdhh.png",
				"text": "便民电话"
			},
			{
				"pagePath": "pages/user/user",
				"iconPath": "/static/image/mine.png",
				"selectedIconPath": "/static/image/mineh.png",
				"text": "我的中心"
			}
		],
		"midButton": {
			"width": "126rpx",
			"height": "160rpx",
			"iconPath": "/static/image/LOGO.png",
			"iconWidth": "110rpx",
			"text": "申请快修"
				// "backgroundImage":"static/images/tabbar/plus.png"
		}
	},
	"globalStyle": {
		"navigationStyle": "custom",
		"navigationBarTextStyle": "black",
		"navigationBarTitleText": "uni-app",
		"navigationBarBackgroundColor": "#F8F8F8",
		"backgroundColor": "#F8F8F8"
	},
	"uniIdRouter": {}
}
